"area","diam.max"
"108629.1596","446.5492707"
"91081.46047","397.5553747"
"82785.81403","379.9876365"
"237496.9458","624.2355096"
"189306.0405","574.632171"
