"area","diam.max"
"157880.9083","503.9950307"
"40427.75281","262.2835899"
"39795.23581","260.3910296"
"219080.8859","596.559213"
"54639.8013","311.9510343"
"41296.10947","243.1561675"
