"area","diam.max"
"602144.5337","1049.939823"
"368412.9477","792.0396769"
"493345.3621","903.4637754"
"567978.86","996.127502"
"356242.3711","786.734621"
"430583.4335","863.6024855"
