"area","diam.max"
"160272.7992","528.748954"
"110296.548","406.6427041"
"166669.5996","557.6859632"
"125200.2276","484.9439267"
"143844.804","504.3355597"
