"area","diam.max"
331641.8172,710.02519
138572.9352,449.32017
262854.5796,643.34668
