"area","diam.max"
149955.3792,497.96674
611942.8212,975.90866
167102.2656,527.35604
238831.632,609.93405
365383.1088,733.21494
