"area","diam.max"
"208142.2587","566.2768303"
"217765.0172","573.3633218"
