"area","diam.max"
222769.7388,594.66062
187024.8708,526.37691
