"area","diam.max"
"54454.0292","291.5156014"
"30673.77037","216.3012329"
"29246.16527","208.8485806"
"235750.9631","588.520697"
"152799.5927","477.3164592"
