"area","diam.max"
259546.3488,660.53039
231968.8836,608.22919
217471.2444,598.89909
