"area","diam.max"
710650.5768,1032.27409
256178.2104,634.2656
182518.488,558.66979
143645.112,496.50087
154861.146,515.75484
141069.0852,494.102
