"area","diam.max"
96131.7288,379.26
286498.1124,653.61132
88436.9304,353.00774
249415.308,601.04587
77134.3632,343.53744
215208.0684,550.31467
145462.3092,445.81026
160425.8964,495.90392
