"area","diam.max"
125087.0688,474.89524
242545.9032,645.3611
140416.758,506.53489
260764.47,684.9402
160159.6404,518.22689
135278.0172,477.7182
126797.7636,446.96592
111414.8232,425.76254
