"area","diam.max"
168260.4792,531.10414
235356.9912,600.87973
305202.5964,717.48589
305668.5444,673.14766
