"area","diam.max"
"163471.4783","492.3174859"
"102129.0122","407.6545809"
"154067.5393","497.4564445"
"317499.588","728.5287319"
