"area","diam.max"
"129808.4875","438.4624632"
"73400.30532","323.7455007"
"187910.0484","537.0810768"
