"area","diam.max"
48997.7604,272.96839
55088.3664,300.04635
41089.9572,250.73831
