"area","diam.max"
"178105.2948","507.7817547"
"175808.8368","510.8725747"
"159553.908","504.4741234"
"265790.052","648.0372489"
