"area","diam.max"
169778.1384,549.83668
141435.1872,495.38687
161956.8684,500.94539
218163.51,615.10144
137740.8852,510.86606
