"area","diam.max"
422082.324,823.57383
353567.9988,736.69279
286790.994,665.88495
234245.3724,587.58898
244263.2544,590.97208
165617.8884,489.58857
210595.1832,575.07963
223122.528,561.68206
