"area","diam.max"
282158.1396,701.39947
137913.9516,492.86104
245008.7712,631.23063
