"area","diam.max"
427187.7828,782.35283
288155.556,670.42778
