"sample","row_findin","distance"
5,60,250110.04895283
10,52,373734.386562048
20,3087,15415.4023349409
25,649,332708.360791805
27,181,161121.081756644
31,2367,281639.432203888
44,1515,261129.599505777
46,715,328480.865316024
55,2311,202350.301301972
66,2078,1038231.48356325
