"area","diam.max"
136369.6668,450.26729
207140.5116,575.38049
98607.9096,383.79614
142154.0784,572.66702
186718.6764,548.81882
153696.276,486.60195
137967.2028,451.52948
