"area","diam.max"
"73905.06592","348.3117577"
