"area","diam.max"
"130105.9944","492.3205188"
"89082.6012","371.9586993"
"122331.3192","471.7521358"
"127403.496","478.8663488"
"116140.8672","444.5542891"
"89335.5444","395.9606617"
