"area","diam.max"
"425825.6055","786.5445676"
"160333.5461","482.4918868"
