"area","diam.max"
540047.0448,881.69967
197754.9876,533.90418
537258.0132,931.80871
224220.834,586.90889
355079.0016,734.17662
