"area","diam.max"
270828.9468,646.54615
272952.3384,646.46893
