"area","diam.max"
374668.7868,755.42911
387023.0652,758.95865
