"area","diam.max"
151998.894,483.95464
129220.6932,436.16501
212645.3544,582.07453
248669.7912,606.97482
629282.7432,977.11518
99806.0616,413.00151
223888.014,597.80888
