"area","diam.max"
193228.6356,536.55317
148790.5092,484.44953
291164.2488,661.5776
216466.128,598.34867
113804.4708,423.12
329212.2312,710.75605
217897.254,560.50166
200177.9172,550.51421
