"area","diam.max"
130492.0656,445.08552
128015.8848,433.44768
140323.5684,451.88315
223049.3076,589.38179
262834.6104,632.49477
151379.8488,466.00971
160891.8444,507.00775
164898.9972,496.98328
