"area","diam.max"
99193.6728,383.54457
180687.978,533.28669
179656.236,512.71293
157530.3624,508.20106
159374.1852,493.974
120214.584,427.45547
99213.642,377.1127
