"area","diam.max"
"27901.07289","202.080095"
"31126.27027","221.6489525"
"27354.18488","217.8810348"
