"area","diam.max"
211407.264,569.94063
504348.7716,886.45811
166150.4004,511.71229
193042.2564,592.70973
