"area","diam.max"
256923.7272,589.82773
123396.3432,424.81563
127922.6952,451.68425
329491.8,724.80094
127210.4604,436.53112
348189.6276,719.24181
336341.2356,734.50747
