"area","diam.max"
174078.1728,490.17963
177719.2236,536.86322
168147.3204,511.04844
100405.1376,383.206
