"area","diam.max"
150647.6448,457.00241
130338.9684,438.78966
143671.7376,474.38336
86686.2972,350.16788
