"area","diam.max"
173745.3528,534.55832
115135.7508,425.54361
