"area","diam.max"
57012.066,312.00937
112107.0888,428.28777
51300.8748,270.10025
83750.8248,395.17819
77993.0388,362.90981
61731.4536,311.9667
