"area","diam.max"
70012.0152,347.31438
188402.7456,564.96698
150947.1828,513.18658
