"area","diam.max"
134412.6852,473.77259
350605.9008,748.18666
136096.7544,471.58279
166456.5948,516.67681
