"area","diam.max"
302386.9392,716.5622
242179.8012,649.93984
203805.6552,595.58337
225399.0168,633.04705
208172.2536,586.54585
320086.3068,806.88443
