"area","diam.max"
389951.8812,794.90801
410540.1264,843.66
235370.304,633.29935
