"area","diam.max"
"74873.67824","357.5147092"
"326996.2852","730.6818805"
"237972.2267","613.5906195"
