"area","diam.max"
"282411.0828","659.7186628"
"335642.3136","750.1768711"
"164998.8432","505.3442253"
"181919.412","517.4685103"
