"area","diam.max"
146653.8048,492.62464
139671.2412,455.9014
188309.556,562.72988
576430.9272,949.41897
215434.386,583.96976
93682.1736,395.70842
