"area","diam.max"
161963.5248,508.60039
131537.1204,452.23654
115355.412,406.98631
138599.5608,470.38855
108466.038,412.29175
105177.7764,407.61551
