"area","diam.max"
58097.0592,293.72368
33661.4148,218.92026
49224.078,279.80811
37289.1528,242.42392
47852.8596,262.22245
54296.2548,293.73501
