"area","diam.max"
"217749.0862","555.2079514"
"66214.81478","305.8114778"
"381469.5536","751.2115481"
"92812.93171","369.3053939"
"302401.0264","680.7032616"
"293059.8176","656.856837"
