"area","diam.max"
"122559.126","417.7266108"
"62470.01167","316.0593569"
"61099.97486","306.0542161"
