"area","diam.max"
"28990.72923","206.1782513"
"24882.88961","198.726742"
"27951.02405","211.8401039"
"30584.0169","217.2692126"
