"area","diam.max"
"64939.08929","310.0072524"
"36597.7252","236.1550091"
"38346.01598","253.4658213"
"56406.70936","278.4400163"
"33108.86806","221.4897483"
