"area","diam.max"
"382616.5284","707.2494853"
"384839.766","706.736363"
"189421.1748","496.6751292"
"341233.6896","666.9038003"
"410000.958","733.9589877"
