"area","diam.max"
"315009.4466","638.7482371"
"257190.8626","577.7911895"
"271291.1418","594.5486941"
"440689.52","758.107923"
"296906.0794","623.3965341"
"185304.1688","493.1155693"
